{
  "_fv": 66,
  "_type": "achievement",
  "definition": {
    "achievementName": "Advanced Tech",
    "achievementDescription": "Develop your first microchip",
    "achievementIcon": {
      "value": "CUSTOM:Microchip"
    },
    "background": "Default",
    "disableDisplay": false,
    "showPopup": true,
    "announceToChat": true,
    "hideIfNotCompleted": false,
    "rewardLoot": [],
    "rewardRecipes": [
      "AdvancedCircuitBoardRecipe",
      "AIChipRecipe",
      "MicrochipHeaterRecipe",
      "MicrochipCoolerRecipe",
      "TechLensesRecipe"
    ],
    "rewardFunction": "No function",
    "rewardXP": 3,
    "achievementType": "task",
    "parent": {
      "value": "CUSTOM:LocalMetallurgist"
    },
    "triggerxml": "<?xml version=\"1.0\" encoding=\"UTF-8\" standalone=\"no\"?><xml xmlns=\"https://developers.google.com/blockly/xml\"><block deletable=\"false\" type=\"advancement_trigger\" x=\"40\" y=\"80\"><next><block type=\"custom_trigger\" x=\"25\" y=\"42\"/></next></block></xml>"
  }
}