{
  "_fv": 66,
  "_type": "recipe",
  "definition": {
    "recipeType": "Crafting",
    "recipeRetstackSize": 2,
    "group": "",
    "cookingBookCategory": "MISC",
    "xpReward": 0.0,
    "cookingTime": 200,
    "craftingBookCategory": "MISC",
    "recipeShapeless": true,
    "recipeSlots": [
      {
        "value": ""
      },
      {
        "value": "CUSTOM:MicrochipHeater"
      },
      {
        "value": "CUSTOM:AmethystLenses"
      },
      {
        "value": ""
      },
      {
        "value": "CUSTOM:LaserDevice"
      },
      {
        "value": "Items.GOLD_INGOT"
      },
      {
        "value": ""
      },
      {
        "value": ""
      },
      {
        "value": ""
      }
    ],
    "recipeReturnStack": {
      "value": "CUSTOM:AdvancedLaserDevice"
    },
    "name": "advanced_laser_device_recipe",
    "namespace": "mod"
  }
}