{
  "_fv": 66,
  "_type": "recipe",
  "definition": {
    "recipeType": "Crafting",
    "recipeRetstackSize": 1,
    "group": "",
    "cookingBookCategory": "MISC",
    "xpReward": 0.0,
    "cookingTime": 200,
    "craftingBookCategory": "MISC",
    "recipeShapeless": false,
    "recipeSlots": [
      {
        "value": "CUSTOM:Microchip"
      },
      {
        "value": "Items.COMPASS"
      },
      {
        "value": "CUSTOM:Microchip"
      },
      {
        "value": "Items.CLOCK"
      },
      {
        "value": "CUSTOM:AdvancedCircuitBoard"
      },
      {
        "value": "Blocks.NOTEBLOCK"
      },
      {
        "value": "CUSTOM:Microchip"
      },
      {
        "value": "Items.COMPARATOR"
      },
      {
        "value": "CUSTOM:Microchip"
      }
    ],
    "recipeReturnStack": {
      "value": "CUSTOM:MicrochipAI"
    },
    "name": "ai_chip_recipe",
    "namespace": "mod"
  }
}