{
  "_fv": 66,
  "_type": "item",
  "definition": {
    "renderType": 1,
    "texture": "empty_cilynder",
    "customModelName": "ak47:default",
    "customProperties": {},
    "states": [],
    "name": "AK-47",
    "rarity": "COMMON",
    "creativeTabs": [
      {
        "value": "CUSTOM:Art5019InjusticeWeapons"
      }
    ],
    "stackSize": 1,
    "enchantability": 0,
    "useDuration": 0,
    "toolType": 1.0,
    "damageCount": 1600,
    "recipeRemainder": {
      "value": ""
    },
    "destroyAnyBlock": false,
    "immuneToFire": false,
    "stayInGridWhenCrafting": false,
    "damageOnCrafting": false,
    "enableMeleeDamage": true,
    "damageVsEntity": 1.0,
    "specialInformation": {
      "fixedValue": [
        "-Requires an Machine Gun Magazine",
        "-0.2s of cadency"
      ]
    },
    "glowCondition": {
      "fixedValue": false
    },
    "guiBoundTo": "<NONE>",
    "inventorySize": 9,
    "inventoryStackSize": 64,
    "onRightClickedInAir": {
      "name": "AK47RightClicked"
    },
    "onItemInInventoryTick": {
      "name": "PistolItemItemInHandTick"
    },
    "enableRanged": false,
    "shootConstantly": false,
    "rangedItemChargesPower": false,
    "projectile": {
      "value": "CUSTOM:WebShooterTier1Projectile"
    },
    "isFood": false,
    "nutritionalValue": 4,
    "saturation": 0.3,
    "eatResultItem": {
      "value": ""
    },
    "isMeat": false,
    "isAlwaysEdible": false,
    "animation": "none"
  }
}