{
  "_fv": 66,
  "_type": "item",
  "definition": {
    "renderType": 0,
    "texture": "flask_alcohol",
    "customModelName": "Normal",
    "customProperties": {},
    "states": [],
    "name": "Alcohol Flask",
    "rarity": "COMMON",
    "creativeTabs": [
      {
        "value": "CUSTOM:Art5019InjusticeFoods"
      }
    ],
    "stackSize": 16,
    "enchantability": 0,
    "useDuration": 48,
    "toolType": 1.0,
    "damageCount": 0,
    "recipeRemainder": {
      "value": "Items.GLASS_BOTTLE"
    },
    "destroyAnyBlock": false,
    "immuneToFire": false,
    "stayInGridWhenCrafting": false,
    "damageOnCrafting": false,
    "enableMeleeDamage": false,
    "damageVsEntity": 0.0,
    "specialInformation": {
      "fixedValue": []
    },
    "glowCondition": {
      "fixedValue": false
    },
    "guiBoundTo": "<NONE>",
    "inventorySize": 9,
    "inventoryStackSize": 64,
    "onEntitySwing": {
      "name": "AlcoholFlaskEntitySwingsItem"
    },
    "onFinishUsingItem": {
      "name": "AlcoholFlaskOnPlayerStoppedUsing"
    },
    "enableRanged": false,
    "shootConstantly": false,
    "rangedItemChargesPower": false,
    "projectile": {
      "value": "CUSTOM:WebShooterTier1Projectile"
    },
    "isFood": true,
    "nutritionalValue": 2,
    "saturation": 1.6,
    "eatResultItem": {
      "value": "Items.GLASS_BOTTLE"
    },
    "isMeat": false,
    "isAlwaysEdible": false,
    "animation": "drink"
  }
}