{
  "_fv": 66,
  "_type": "achievement",
  "definition": {
    "achievementName": "Alien's Best Friend",
    "achievementDescription": "Find and save Krypto, the Superdog. Allows you to further enhance your powers.",
    "achievementIcon": {
      "value": "CUSTOM:StrangeBoneKryptonian"
    },
    "background": "Default",
    "disableDisplay": false,
    "showPopup": true,
    "announceToChat": true,
    "hideIfNotCompleted": false,
    "rewardLoot": [],
    "rewardRecipes": [],
    "rewardFunction": "No function",
    "rewardXP": 50,
    "achievementType": "task",
    "parent": {
      "value": "CUSTOM:TheLastSonOfKrypton"
    },
    "triggerxml": "<xml xmlns=\"https://developers.google.com/blockly/xml\"><block type=\"advancement_trigger\" deletable=\"false\" x=\"40\" y=\"80\"><next><block type=\"custom_trigger\"></block></next></block></xml>"
  }
}