{
  "_fv": 66,
  "_type": "achievement",
  "definition": {
    "achievementName": "Villain",
    "achievementDescription": "And they will fear me...",
    "achievementIcon": {
      "value": "CUSTOM:ScarecrowNolanverseSuit.helmet"
    },
    "background": "Default",
    "disableDisplay": false,
    "showPopup": true,
    "announceToChat": true,
    "hideIfNotCompleted": false,
    "rewardLoot": [],
    "rewardRecipes": [],
    "rewardFunction": "No function",
    "rewardXP": 60,
    "achievementType": "goal",
    "parent": {
      "value": "CUSTOM:AlignmentAntiHero"
    },
    "triggerxml": "<?xml version=\"1.0\" encoding=\"UTF-8\" standalone=\"no\"?><xml xmlns=\"https://developers.google.com/blockly/xml\"><block deletable=\"false\" type=\"advancement_trigger\" x=\"40\" y=\"80\"><next><block type=\"custom_trigger\" x=\"21\" y=\"37\"/></next></block></xml>"
  }
}