{
  "_fv": 66,
  "_type": "achievement",
  "definition": {
    "achievementName": "Vigilante",
    "achievementDescription": "Someone needs to do something",
    "achievementIcon": {
      "value": "CUSTOM:NeuroSuit.helmet"
    },
    "background": "Default",
    "disableDisplay": false,
    "showPopup": true,
    "announceToChat": true,
    "hideIfNotCompleted": false,
    "rewardLoot": [],
    "rewardRecipes": [],
    "rewardFunction": "No function",
    "rewardXP": 30,
    "achievementType": "task",
    "parent": {
      "value": "CUSTOM:HeroJourney"
    },
    "triggerxml": "<xml xmlns=\"https://developers.google.com/blockly/xml\"><block type=\"advancement_trigger\" deletable=\"false\" x=\"40\" y=\"80\"><next><block type=\"custom_trigger\"></block></next></block></xml>"
  }
}