{
  "_fv": 66,
  "_type": "command",
  "definition": {
    "commandName": "alignment",
    "type": "STANDARD",
    "permissionLevel": "3",
    "argsxml": "<xml xmlns=\"https://developers.google.com/blockly/xml\"><block type=\"args_start\" deletable=\"false\" x=\"40\" y=\"40\"><next><block type=\"literal\"><field name=\"name\">get</field><statement name=\"args\"><block type=\"call_procedure\"><field name=\"procedure\">ReturnAlignment</field></block></statement><next><block type=\"literal\"><field name=\"name\">set</field><statement name=\"args\"><block type=\"number_default\"><field name=\"name\">alignmentValue</field><statement name=\"args\"><block type=\"call_procedure\"><field name=\"procedure\">AlignmentSet</field></block></statement></block></statement></block></next></block></next></block></xml>"
  }
}