{
  "_fv": 66,
  "_type": "achievement",
  "definition": {
    "achievementName": "Saviour",
    "achievementDescription": "And, afterall, it wasn't about Vengeance, but Hope...",
    "achievementIcon": {
      "value": "CUSTOM:SpidermanEnhancedSuit.helmet"
    },
    "background": "Default",
    "disableDisplay": false,
    "showPopup": true,
    "announceToChat": true,
    "hideIfNotCompleted": false,
    "rewardLoot": [],
    "rewardRecipes": [],
    "rewardFunction": "No function",
    "rewardXP": 120,
    "achievementType": "goal",
    "parent": {
      "value": "CUSTOM:AlignmentHero"
    },
    "triggerxml": "<xml xmlns=\"https://developers.google.com/blockly/xml\"><block type=\"advancement_trigger\" deletable=\"false\" x=\"40\" y=\"80\"><next><block type=\"custom_trigger\"></block></next></block></xml>"
  }
}