{
  "_fv": 66,
  "_type": "achievement",
  "definition": {
    "achievementName": "Hero",
    "achievementDescription": "And I must stand for those who can't protect itself",
    "achievementIcon": {
      "value": "CUSTOM:BlackPantherSuit2.helmet"
    },
    "background": "Default",
    "disableDisplay": false,
    "showPopup": true,
    "announceToChat": true,
    "hideIfNotCompleted": false,
    "rewardLoot": [],
    "rewardRecipes": [],
    "rewardFunction": "No function",
    "rewardXP": 60,
    "achievementType": "goal",
    "parent": {
      "value": "CUSTOM:AlignmentVigilante"
    },
    "triggerxml": "<xml xmlns=\"https://developers.google.com/blockly/xml\"><block type=\"advancement_trigger\" deletable=\"false\" x=\"40\" y=\"80\"><next><block type=\"custom_trigger\"></block></next></block></xml>"
  }
}