{
  "_fv": 66,
  "_type": "achievement",
  "definition": {
    "achievementName": "Menace",
    "achievementDescription": "And nothing will stop me...",
    "achievementIcon": {
      "value": "CUSTOM:VenomTobeyMaguireSuit.helmet"
    },
    "background": "Default",
    "disableDisplay": false,
    "showPopup": true,
    "announceToChat": true,
    "hideIfNotCompleted": false,
    "rewardLoot": [],
    "rewardRecipes": [],
    "rewardFunction": "No function",
    "rewardXP": 120,
    "achievementType": "goal",
    "parent": {
      "value": "CUSTOM:AlignmentVillain"
    },
    "triggerxml": "<xml xmlns=\"https://developers.google.com/blockly/xml\"><block type=\"advancement_trigger\" deletable=\"false\" x=\"40\" y=\"80\"><next><block type=\"custom_trigger\"></block></next></block></xml>"
  }
}