{
  "_fv": 66,
  "_type": "recipe",
  "definition": {
    "recipeType": "Crafting",
    "recipeRetstackSize": 5,
    "group": "",
    "cookingBookCategory": "MISC",
    "xpReward": 0.0,
    "cookingTime": 200,
    "craftingBookCategory": "MISC",
    "recipeShapeless": false,
    "recipeSlots": [
      {
        "value": "Items.GLASS_BOTTLE"
      },
      {
        "value": "Blocks.RED_FLOWER#2"
      },
      {
        "value": "Items.GLASS_BOTTLE"
      },
      {
        "value": "CUSTOM:Penicillin"
      },
      {
        "value": "Items.HONEY_BOTTLE"
      },
      {
        "value": "CUSTOM:Penicillin"
      },
      {
        "value": "Items.GLASS_BOTTLE"
      },
      {
        "value": "Items.PHANTOM_MEMBRANE"
      },
      {
        "value": "Items.GLASS_BOTTLE"
      }
    ],
    "recipeReturnStack": {
      "value": "CUSTOM:Antibiotics"
    },
    "name": "antibiotics_recipe",
    "namespace": "mod"
  }
}