{
  "_fv": 66,
  "_type": "achievement",
  "definition": {
    "achievementName": "Anti Venoms",
    "achievementDescription": "Forcefully remove a Symbiote with your bare hands.",
    "achievementIcon": {
      "value": "Blocks.BEACON"
    },
    "background": "Default",
    "disableDisplay": false,
    "showPopup": true,
    "announceToChat": false,
    "hideIfNotCompleted": false,
    "rewardLoot": [],
    "rewardRecipes": [],
    "rewardFunction": "No function",
    "rewardXP": 70,
    "achievementType": "challenge",
    "parent": {
      "value": "CUSTOM:NewerSpecies"
    },
    "triggerxml": "<xml xmlns=\"https://developers.google.com/blockly/xml\"><block type=\"advancement_trigger\" deletable=\"false\" x=\"40\" y=\"80\"><next><block type=\"custom_trigger\"></block></next></block></xml>"
  }
}