{
  "_fv": 66,
  "_type": "projectile",
  "definition": {
    "projectileItem": {
      "value": "Blocks.AIR"
    },
    "showParticles": false,
    "actionSound": {
      "value": ""
    },
    "igniteFire": false,
    "power": 1.4000000000000001,
    "damage": 0.0,
    "knockback": 0,
    "entityModel": "Default",
    "customModelTexture": "",
    "onHitsEntity": {
      "name": "AntiVenomTier1ProjectileHitsLivingEntity"
    },
    "onFlyingTick": {
      "name": "WebShooterTier1WhileProjectileFlyingTick"
    }
  }
}