{
  "_fv": 66,
  "_type": "recipe",
  "definition": {
    "recipeType": "Crafting",
    "recipeRetstackSize": 1,
    "group": "",
    "cookingBookCategory": "MISC",
    "xpReward": 0.0,
    "cookingTime": 200,
    "craftingBookCategory": "MISC",
    "recipeShapeless": false,
    "recipeSlots": [
      {
        "value": "CUSTOM:FabricOrange"
      },
      {
        "value": "CUSTOM:AtlanteanSuitScheme"
      },
      {
        "value": "CUSTOM:FabricOrange"
      },
      {
        "value": "CUSTOM:FabricGreen"
      },
      {
        "value": "CUSTOM:AtlanteanArmor.body"
      },
      {
        "value": "CUSTOM:FabricGreen"
      },
      {
        "value": ""
      },
      {
        "value": "CUSTOM:FabricOrange"
      },
      {
        "value": ""
      }
    ],
    "recipeReturnStack": {
      "value": "CUSTOM:AquamanSuit.body"
    },
    "name": "aquaman_chest_recipe",
    "namespace": "mod"
  }
}