{
  "_fv": 66,
  "_type": "achievement",
  "definition": {
    "achievementName": "§6Skill Tree",
    "achievementDescription": "§6Atlantean",
    "achievementIcon": {
      "value": "CUSTOM:AtlanteanSymbol"
    },
    "background": "prismarine_bricks.png",
    "disableDisplay": false,
    "showPopup": true,
    "announceToChat": false,
    "hideIfNotCompleted": false,
    "rewardLoot": [],
    "rewardRecipes": [],
    "rewardFunction": "No function",
    "rewardXP": 0,
    "achievementType": "task",
    "parent": {
      "value": "No parent: root"
    },
    "triggerxml": "<?xml version=\"1.0\" encoding=\"UTF-8\" standalone=\"no\"?><xml xmlns=\"https://developers.google.com/blockly/xml\"><block deletable=\"false\" type=\"advancement_trigger\" x=\"40\" y=\"80\"><next><block type=\"custom_trigger\" x=\"49\" y=\"39\"/></next></block></xml>"
  }
}