{
  "_fv": 66,
  "_type": "recipe",
  "definition": {
    "recipeType": "Crafting",
    "recipeRetstackSize": 1,
    "group": "",
    "cookingBookCategory": "MISC",
    "xpReward": 0.0,
    "cookingTime": 200,
    "craftingBookCategory": "MISC",
    "recipeShapeless": false,
    "recipeSlots": [
      {
        "value": "CUSTOM:PalladiumIngot"
      },
      {
        "value": "Items.NETHERITE_INGOT"
      },
      {
        "value": "CUSTOM:PalladiumIngot"
      },
      {
        "value": "CUSTOM:CopperWiring"
      },
      {
        "value": "Items.END_CRYSTAL"
      },
      {
        "value": "CUSTOM:CopperWiring"
      },
      {
        "value": "CUSTOM:PalladiumIngot"
      },
      {
        "value": "Items.NETHERITE_INGOT"
      },
      {
        "value": "CUSTOM:PalladiumIngot"
      }
    ],
    "recipeReturnStack": {
      "value": "CUSTOM:ArcReactor"
    },
    "name": "arc_reactor_recipe",
    "namespace": "mod"
  }
}