{
  "_fv": 66,
  "_type": "gui",
  "definition": {
    "type": 1,
    "width": 176,
    "height": 200,
    "inventoryOffsetX": 0,
    "inventoryOffsetY": 0,
    "renderBgLayer": true,
    "doesPauseGame": false,
    "components": [
      {
        "type": "label",
        "data": {
          "name": "label_armor_assembler",
          "text": {
            "fixedValue": "Armor Assembler"
          },
          "color": {
            "value": -12829636,
            "falpha": 0.0
          },
          "x": 174,
          "y": 26
        }
      },
      {
        "type": "inputslot",
        "data": {
          "inputLimit": {
            "value": ""
          },
          "disablePlacement": {
            "fixedValue": false
          },
          "id": 4,
          "disablePickup": {
            "fixedValue": false
          },
          "dropItemsWhenNotBound": true,
          "x": 150,
          "y": 98
        }
      },
      {
        "type": "inputslot",
        "data": {
          "inputLimit": {
            "value": ""
          },
          "disablePlacement": {
            "fixedValue": false
          },
          "id": 5,
          "disablePickup": {
            "fixedValue": false
          },
          "dropItemsWhenNotBound": true,
          "x": 150,
          "y": 79
        }
      },
      {
        "type": "inputslot",
        "data": {
          "inputLimit": {
            "value": ""
          },
          "disablePlacement": {
            "fixedValue": false
          },
          "id": 6,
          "disablePickup": {
            "fixedValue": false
          },
          "dropItemsWhenNotBound": true,
          "x": 150,
          "y": 60
        }
      },
      {
        "type": "inputslot",
        "data": {
          "inputLimit": {
            "value": ""
          },
          "disablePlacement": {
            "fixedValue": false
          },
          "id": 7,
          "disablePickup": {
            "fixedValue": false
          },
          "dropItemsWhenNotBound": true,
          "x": 150,
          "y": 41
        }
      },
      {
        "type": "button",
        "data": {
          "name": "button_assemble",
          "text": "Assemble",
          "isUndecorated": false,
          "onClick": {
            "name": "AssembleIronMan"
          },
          "width": 67,
          "height": 20,
          "x": 207,
          "y": 58
        }
      },
      {
        "type": "button",
        "data": {
          "name": "button_disassemble",
          "text": "Disassemble",
          "isUndecorated": false,
          "width": 82,
          "height": 20,
          "x": 200,
          "y": 79
        }
      }
    ],
    "gridSettings": {
      "sx": 18,
      "sy": 18,
      "ox": 11,
      "oy": 15,
      "snapOnGrid": false
    }
  }
}