{
  "_fv": 66,
  "_type": "recipe",
  "definition": {
    "recipeType": "Smelting",
    "recipeRetstackSize": 1,
    "group": "",
    "cookingBookCategory": "MISC",
    "xpReward": 7.0,
    "cookingTime": 1600,
    "craftingBookCategory": "MISC",
    "recipeShapeless": false,
    "smeltingInputStack": {
      "value": "CUSTOM:RawAtlanteanGold"
    },
    "smeltingReturnStack": {
      "value": "CUSTOM:AtlanteanGoldIngot"
    },
    "name": "atlantean_gold_ingot_recipe",
    "namespace": "mod"
  }
}