{
  "_fv": 66,
  "_type": "armor",
  "definition": {
    "enableHelmet": false,
    "textureHelmet": "",
    "enableBody": true,
    "textureBody": "atlanteanchestplate",
    "enableLeggings": true,
    "textureLeggings": "atlanteanlegs",
    "enableBoots": true,
    "textureBoots": "atlanteanboots",
    "onBodyTick": {
      "name": "BlackMantaArmorChestplateTickEvent"
    },
    "onLeggingsTick": {
      "name": "BlackMantaArmorLeggingsTickEvent"
    },
    "creativeTabs": [
      {
        "value": "CUSTOM:Art5019InjusticeSuits"
      }
    ],
    "armorTextureFile": "atlantean_",
    "helmetName": "Atlantean Armor Helmet",
    "bodyName": "Atlantean Gold Chestplate",
    "leggingsName": "Atlantean Gold Leggings",
    "bootsName": "Atlantean Gold Boots",
    "helmetSpecialInformation": {
      "fixedValue": []
    },
    "bodySpecialInformation": {
      "fixedValue": [
        "Grants Conduit Power"
      ]
    },
    "leggingsSpecialInformation": {
      "fixedValue": [
        "Grants Dolphin's Grace"
      ]
    },
    "bootsSpecialInformation": {
      "fixedValue": []
    },
    "helmetModelName": "Default",
    "helmetModelPart": "Helmet",
    "helmetModelTexture": "From armor",
    "bodyModelName": "Default",
    "bodyModelPart": "Body",
    "armsModelPartL": "Arms L",
    "armsModelPartR": "Arms R",
    "bodyModelTexture": "From armor",
    "leggingsModelName": "Default",
    "leggingsModelPartL": "Leggings L",
    "leggingsModelPartR": "Leggings R",
    "leggingsModelTexture": "From armor",
    "bootsModelName": "Default",
    "bootsModelPartL": "Boots L",
    "bootsModelPartR": "Boots R",
    "bootsModelTexture": "From armor",
    "helmetItemRenderType": 0,
    "helmetItemCustomModelName": "Normal",
    "bodyItemRenderType": 0,
    "bodyItemCustomModelName": "Normal",
    "leggingsItemRenderType": 0,
    "leggingsItemCustomModelName": "Normal",
    "bootsItemRenderType": 0,
    "bootsItemCustomModelName": "Normal",
    "helmetImmuneToFire": false,
    "bodyImmuneToFire": false,
    "leggingsImmuneToFire": false,
    "bootsImmuneToFire": false,
    "maxDamage": 21,
    "damageValueHelmet": 3,
    "damageValueBody": 7,
    "damageValueLeggings": 6,
    "damageValueBoots": 3,
    "enchantability": 16,
    "toughness": 0.1,
    "knockbackResistance": 0.0,
    "equipSound": {
      "value": ""
    },
    "repairItems": [
      {
        "value": "CUSTOM:AtlanteanGoldIngot"
      }
    ]
  }
}