{
  "_fv": 66,
  "_type": "recipe",
  "definition": {
    "recipeType": "Crafting",
    "recipeRetstackSize": 1,
    "group": "",
    "cookingBookCategory": "MISC",
    "xpReward": 0.0,
    "cookingTime": 200,
    "craftingBookCategory": "MISC",
    "recipeShapeless": false,
    "recipeSlots": [
      {
        "value": "Items.FISH"
      },
      {
        "value": "CUSTOM:GoldTitaniumIngot"
      },
      {
        "value": "Items.FISH"
      },
      {
        "value": "Items.PRISMARINE_CRYSTALS"
      },
      {
        "value": "Items.PAPER"
      },
      {
        "value": "Items.PRISMARINE_CRYSTALS"
      },
      {
        "value": "Items.FISH"
      },
      {
        "value": "CUSTOM:GoldTitaniumIngot"
      },
      {
        "value": "Items.FISH"
      }
    ],
    "recipeReturnStack": {
      "value": "CUSTOM:AtlanteanSuitScheme"
    },
    "name": "atlantean_suit_scheme_recipe",
    "namespace": "mod"
  }
}