{
  "_fv": 66,
  "_type": "armor",
  "definition": {
    "enableHelmet": true,
    "textureHelmet": "atrain_glasses",
    "enableBody": true,
    "textureBody": "atrainchest",
    "enableLeggings": true,
    "textureLeggings": "atrain_leggings",
    "enableBoots": true,
    "textureBoots": "atrainboots",
    "creativeTabs": [
      {
        "value": "CUSTOM:Art5019InjusticeSuits"
      }
    ],
    "armorTextureFile": "a_train_",
    "helmetName": "A-Train Sunglasses",
    "bodyName": "A-Train Chestpiece",
    "leggingsName": "A-Train Leggings",
    "bootsName": "A-Train Shoes",
    "helmetSpecialInformation": {
      "fixedValue": [
        "Reggie Franklin (Earth Prime)",
        "§6I can't stop:",
        "§n  -Gives you an extra 6% chance of not being affected by the end of the Compound-V rush."
      ]
    },
    "bodySpecialInformation": {
      "fixedValue": [
        "Reggie Franklin (Earth Prime)",
        "§6I can't stop:",
        "§n  -Gives you an extra 6% chance of not being affected by the end of the Compound-V rush."
      ]
    },
    "leggingsSpecialInformation": {
      "fixedValue": [
        "Reggie Franklin (Earth Prime)",
        "§6I can't stop:",
        "§n  -Gives you an extra 6% chance of not being affected by the end of the Compound-V rush."
      ]
    },
    "bootsSpecialInformation": {
      "fixedValue": [
        "Reggie Franklin (Earth Prime)",
        "§6I can't stop:",
        "§n  -Gives you an extra 6% chance of not being affected by the end of the Compound-V rush."
      ]
    },
    "helmetModelName": "Default",
    "helmetModelPart": "Helmet",
    "helmetModelTexture": "From armor",
    "bodyModelName": "Default",
    "bodyModelPart": "Body",
    "armsModelPartL": "Arms L",
    "armsModelPartR": "Arms R",
    "bodyModelTexture": "From armor",
    "leggingsModelName": "Default",
    "leggingsModelPartL": "Leggings L",
    "leggingsModelPartR": "Leggings R",
    "leggingsModelTexture": "From armor",
    "bootsModelName": "Default",
    "bootsModelPartL": "Boots L",
    "bootsModelPartR": "Boots R",
    "bootsModelTexture": "From armor",
    "helmetItemRenderType": 0,
    "helmetItemCustomModelName": "Normal",
    "bodyItemRenderType": 0,
    "bodyItemCustomModelName": "Normal",
    "leggingsItemRenderType": 0,
    "leggingsItemCustomModelName": "Normal",
    "bootsItemRenderType": 0,
    "bootsItemCustomModelName": "Normal",
    "helmetImmuneToFire": false,
    "bodyImmuneToFire": false,
    "leggingsImmuneToFire": false,
    "bootsImmuneToFire": false,
    "helmetGlowCondition": {
      "fixedValue": false
    },
    "bodyGlowCondition": {
      "fixedValue": false
    },
    "leggingsGlowCondition": {
      "fixedValue": false
    },
    "bootsGlowCondition": {
      "fixedValue": false
    },
    "helmetPiglinNeutral": {
      "fixedValue": false
    },
    "bodyPiglinNeutral": {
      "fixedValue": false
    },
    "leggingsPiglinNeutral": {
      "fixedValue": false
    },
    "bootsPiglinNeutral": {
      "fixedValue": false
    },
    "maxDamage": 15,
    "damageValueHelmet": 2,
    "damageValueBody": 4,
    "damageValueLeggings": 3,
    "damageValueBoots": 2,
    "enchantability": 12,
    "toughness": 0.0,
    "knockbackResistance": 0.0,
    "equipSound": {
      "value": ""
    },
    "repairItems": [
      {
        "value": "CUSTOM:SewingKit"
      }
    ]
  }
}