{
  "_fv": 66,
  "_type": "recipe",
  "definition": {
    "recipeType": "Crafting",
    "recipeRetstackSize": 1,
    "group": "",
    "cookingBookCategory": "MISC",
    "xpReward": 0.0,
    "cookingTime": 200,
    "craftingBookCategory": "MISC",
    "recipeShapeless": false,
    "recipeSlots": [
      {
        "value": ""
      },
      {
        "value": "CUSTOM:SuitSchemeVought"
      },
      {
        "value": ""
      },
      {
        "value": "CUSTOM:SiliconeMetal"
      },
      {
        "value": "Items.DYE#16"
      },
      {
        "value": "CUSTOM:SiliconeMetal"
      },
      {
        "value": ""
      },
      {
        "value": ""
      },
      {
        "value": ""
      }
    ],
    "recipeReturnStack": {
      "value": "CUSTOM:ATrainSuit.helmet"
    },
    "name": "a_train_helmet_recipe",
    "namespace": "mod"
  }
}