{
  "_fv": 66,
  "_type": "achievement",
  "definition": {
    "achievementName": "Born Again",
    "achievementDescription": "Bath on a Lazarus Pit and lose your powers",
    "achievementIcon": {
      "value": "Blocks.SKULL#2"
    },
    "background": "Default",
    "disableDisplay": false,
    "showPopup": true,
    "announceToChat": true,
    "hideIfNotCompleted": false,
    "rewardLoot": [],
    "rewardRecipes": [],
    "rewardFunction": "No function",
    "rewardXP": 13,
    "achievementType": "challenge",
    "parent": {
      "value": "CUSTOM:ThereWasAnIdea"
    },
    "triggerxml": "<?xml version=\"1.0\" encoding=\"UTF-8\" standalone=\"no\"?><xml xmlns=\"https://developers.google.com/blockly/xml\"><block deletable=\"false\" type=\"advancement_trigger\" x=\"40\" y=\"80\"><next><block type=\"custom_trigger\" x=\"28\" y=\"61\"/></next></block></xml>"
  }
}