{
  "_fv": 66,
  "_type": "armor",
  "definition": {
    "enableHelmet": true,
    "textureHelmet": "baneinj2mask",
    "enableBody": true,
    "textureBody": "baneinj2chest",
    "enableLeggings": true,
    "textureLeggings": "baneinj2legs",
    "enableBoots": true,
    "textureBoots": "baneinj2boots",
    "creativeTabs": [
      {
        "value": "CUSTOM:Art5019InjusticeSuits"
      }
    ],
    "armorTextureFile": "baneinj2_",
    "helmetName": "Will-Breaker Bane Mascarilla",
    "bodyName": "Will-Breaker Bane Peto",
    "leggingsName": "Will-Breaker Bane Grebas",
    "bootsName": "Will-Breaker Bane Botas",
    "helmetSpecialInformation": {
      "fixedValue": [
        "Eduardo Dorrance (Earth 49)",
        "§a-Venom Injector Helmet",
        "§n  -Suit Ability 1 to Inject Venom (Requires Venom Cilynder) and a §a-Venom Injector Chest",
        "§n  -Reinjects automatically the Venom with Venom Cylinders"
      ]
    },
    "bodySpecialInformation": {
      "fixedValue": [
        "Eduardo Dorrance (Earth 49)",
        "§a-Venom Injector Chest:",
        "§n  -N to Inject Venom (Requires Venom Cilynder) and a Venom Injector Helmet",
        "§n  -Reinjects automatically the Venom with Venom Cylinders"
      ]
    },
    "leggingsSpecialInformation": {
      "fixedValue": [
        "Eduardo Dorrance (Earth 49)"
      ]
    },
    "bootsSpecialInformation": {
      "fixedValue": [
        "Eduardo Dorrance (Earth 49)"
      ]
    },
    "helmetModelName": "Default",
    "helmetModelPart": "Helmet",
    "helmetModelTexture": "From armor",
    "bodyModelName": "Default",
    "bodyModelPart": "Body",
    "armsModelPartL": "Arms L",
    "armsModelPartR": "Arms R",
    "bodyModelTexture": "From armor",
    "leggingsModelName": "Default",
    "leggingsModelPartL": "Leggings L",
    "leggingsModelPartR": "Leggings R",
    "leggingsModelTexture": "From armor",
    "bootsModelName": "Default",
    "bootsModelPartL": "Boots L",
    "bootsModelPartR": "Boots R",
    "bootsModelTexture": "From armor",
    "helmetItemRenderType": 0,
    "helmetItemCustomModelName": "Normal",
    "bodyItemRenderType": 0,
    "bodyItemCustomModelName": "Normal",
    "leggingsItemRenderType": 0,
    "leggingsItemCustomModelName": "Normal",
    "bootsItemRenderType": 0,
    "bootsItemCustomModelName": "Normal",
    "helmetImmuneToFire": false,
    "bodyImmuneToFire": false,
    "leggingsImmuneToFire": false,
    "bootsImmuneToFire": false,
    "helmetPiglinNeutral": {
      "fixedValue": false
    },
    "bodyPiglinNeutral": {
      "fixedValue": false
    },
    "leggingsPiglinNeutral": {
      "fixedValue": false
    },
    "bootsPiglinNeutral": {
      "fixedValue": false
    },
    "maxDamage": 22,
    "damageValueHelmet": 2,
    "damageValueBody": 6,
    "damageValueLeggings": 5,
    "damageValueBoots": 2,
    "enchantability": 9,
    "toughness": 0.0,
    "knockbackResistance": 0.0,
    "equipSound": {
      "value": ""
    },
    "repairItems": [
      {
        "value": "CUSTOM:FabricGray"
      }
    ]
  }
}