{
  "_fv": 66,
  "_type": "recipe",
  "definition": {
    "recipeType": "Crafting",
    "recipeRetstackSize": 1,
    "group": "",
    "cookingBookCategory": "MISC",
    "xpReward": 0.0,
    "cookingTime": 200,
    "craftingBookCategory": "EQUIPMENT",
    "recipeShapeless": false,
    "recipeSlots": [
      {
        "value": "CUSTOM:FabricBrown"
      },
      {
        "value": "CUSTOM:BaneSuitScheme"
      },
      {
        "value": "CUSTOM:FabricBrown"
      },
      {
        "value": "Items.STRING"
      },
      {
        "value": "CUSTOM:SteelIngot"
      },
      {
        "value": "Items.STRING"
      },
      {
        "value": "CUSTOM:SteelIngot"
      },
      {
        "value": "CUSTOM:SteelIngot"
      },
      {
        "value": "CUSTOM:SteelIngot"
      }
    ],
    "recipeReturnStack": {
      "value": "CUSTOM:BaneNolan.body"
    },
    "name": "bane_nolan_chestplate_recipe",
    "namespace": "mod"
  }
}