{
  "_fv": 66,
  "_type": "recipe",
  "definition": {
    "recipeType": "Crafting",
    "recipeRetstackSize": 1,
    "group": "",
    "cookingBookCategory": "MISC",
    "xpReward": 0.0,
    "cookingTime": 200,
    "craftingBookCategory": "MISC",
    "recipeShapeless": false,
    "recipeSlots": [
      {
        "value": "Blocks.SAND#0"
      },
      {
        "value": "CUSTOM:VenomPills"
      },
      {
        "value": "Blocks.SAND#0"
      },
      {
        "value": "CUSTOM:EmptySyringe"
      },
      {
        "value": "Items.PAPER"
      },
      {
        "value": "CUSTOM:EmptySyringe"
      },
      {
        "value": "Blocks.SAND#0"
      },
      {
        "value": "CUSTOM:VenomPills"
      },
      {
        "value": "Blocks.SAND#0"
      }
    ],
    "recipeReturnStack": {
      "value": "CUSTOM:BaneSuitScheme"
    },
    "name": "bane_gear_scheme_recipe",
    "namespace": "mod"
  }
}