{
  "_fv": 66,
  "_type": "recipe",
  "definition": {
    "recipeType": "Crafting",
    "recipeRetstackSize": 1,
    "group": "",
    "cookingBookCategory": "MISC",
    "xpReward": 0.0,
    "cookingTime": 200,
    "craftingBookCategory": "EQUIPMENT",
    "recipeShapeless": false,
    "recipeSlots": [
      {
        "value": "CUSTOM:FabricBlack"
      },
      {
        "value": "CUSTOM:EmptySyringe"
      },
      {
        "value": "CUSTOM:FabricBlack"
      },
      {
        "value": "Blocks.STAINED_GLASS_PANE#14"
      },
      {
        "value": "CUSTOM:BaneSuitScheme"
      },
      {
        "value": "Blocks.STAINED_GLASS_PANE#14"
      },
      {
        "value": "CUSTOM:FabricBlack"
      },
      {
        "value": "Items.IRON_INGOT"
      },
      {
        "value": "CUSTOM:FabricBlack"
      }
    ],
    "recipeReturnStack": {
      "value": "CUSTOM:BaneInjustice2Suit.helmet"
    },
    "name": "bane_injustice_2_mask_recipe",
    "namespace": "mod"
  }
}