{
  "_fv": 66,
  "_type": "armor",
  "definition": {
    "enableHelmet": true,
    "textureHelmet": "banenolanmask",
    "enableBody": true,
    "textureBody": "banenolanchest2",
    "enableLeggings": true,
    "textureLeggings": "banenolanlegs",
    "enableBoots": true,
    "textureBoots": "banenolanboots",
    "creativeTabs": [
      {
        "value": "CUSTOM:Art5019InjusticeSuits"
      }
    ],
    "armorTextureFile": "banenol_",
    "helmetName": "League of Shadows Bane Analgesic Mask",
    "bodyName": "League of Shadows Bane Chestplate",
    "leggingsName": "League of Shadows Bane Leggings",
    "bootsName": "League of Shadows Bane Boots",
    "helmetSpecialInformation": {
      "fixedValue": [
        "Unknown Wielder (Earth 2)",
        "When Hurt: If has Analgesic/Anesthesic Gas in inventory, +(U) uses of Regeneration I (00:04) when hurt."
      ]
    },
    "bodySpecialInformation": {
      "fixedValue": [
        "Unknown Wielder (Earth 2)"
      ]
    },
    "leggingsSpecialInformation": {
      "fixedValue": [
        "Unknown Wielder (Earth 2)"
      ]
    },
    "bootsSpecialInformation": {
      "fixedValue": [
        "Unknown Wielder (Earth 2)"
      ]
    },
    "helmetModelName": "Default",
    "helmetModelPart": "Helmet",
    "helmetModelTexture": "From armor",
    "bodyModelName": "Default",
    "bodyModelPart": "Body",
    "armsModelPartL": "Arms L",
    "armsModelPartR": "Arms R",
    "bodyModelTexture": "From armor",
    "leggingsModelName": "Default",
    "leggingsModelPartL": "Leggings L",
    "leggingsModelPartR": "Leggings R",
    "leggingsModelTexture": "From armor",
    "bootsModelName": "Default",
    "bootsModelPartL": "Boots L",
    "bootsModelPartR": "Boots R",
    "bootsModelTexture": "From armor",
    "helmetItemRenderType": 0,
    "helmetItemCustomModelName": "Normal",
    "bodyItemRenderType": 0,
    "bodyItemCustomModelName": "Normal",
    "leggingsItemRenderType": 0,
    "leggingsItemCustomModelName": "Normal",
    "bootsItemRenderType": 0,
    "bootsItemCustomModelName": "Normal",
    "helmetImmuneToFire": false,
    "bodyImmuneToFire": false,
    "leggingsImmuneToFire": false,
    "bootsImmuneToFire": false,
    "helmetGlowCondition": {
      "fixedValue": false
    },
    "bodyGlowCondition": {
      "fixedValue": false
    },
    "leggingsGlowCondition": {
      "fixedValue": false
    },
    "bootsGlowCondition": {
      "fixedValue": false
    },
    "helmetPiglinNeutral": {
      "fixedValue": false
    },
    "bodyPiglinNeutral": {
      "fixedValue": false
    },
    "leggingsPiglinNeutral": {
      "fixedValue": false
    },
    "bootsPiglinNeutral": {
      "fixedValue": false
    },
    "maxDamage": 21,
    "damageValueHelmet": 2,
    "damageValueBody": 6,
    "damageValueLeggings": 5,
    "damageValueBoots": 2,
    "enchantability": 9,
    "toughness": 0.0,
    "knockbackResistance": 0.0,
    "equipSound": {
      "value": ""
    },
    "repairItems": [
      {
        "value": "CUSTOM:FabricGray"
      },
      {
        "value": "CUSTOM:FabricBrown"
      },
      {
        "value": "Items.IRON_INGOT"
      }
    ]
  }
}