{
  "_fv": 66,
  "_type": "achievement",
  "definition": {
    "achievementName": "A new species! Man and Symbiote",
    "achievementDescription": "Merge with a Symbiote",
    "achievementIcon": {
      "value": "CUSTOM:Symbiote"
    },
    "background": "Default",
    "disableDisplay": false,
    "showPopup": true,
    "announceToChat": true,
    "hideIfNotCompleted": true,
    "rewardLoot": [],
    "rewardRecipes": [],
    "rewardFunction": "No function",
    "rewardXP": 21,
    "achievementType": "challenge",
    "parent": {
      "value": "CUSTOM:ThereWasAnIdea"
    },
    "triggerxml": "<xml xmlns=\"https://developers.google.com/blockly/xml\"><block type=\"advancement_trigger\" deletable=\"false\" x=\"40\" y=\"80\"><next><block type=\"custom_trigger\"></block></next></block></xml>"
  }
}