{
  "_fv": 66,
  "_type": "achievement",
  "definition": {
    "achievementName": "Message from the Stars",
    "achievementDescription": "Get the powers of A-Train",
    "achievementIcon": {
      "value": "CUSTOM:ATrainSuit.body"
    },
    "background": "Default",
    "disableDisplay": false,
    "showPopup": true,
    "announceToChat": false,
    "hideIfNotCompleted": false,
    "rewardLoot": [],
    "rewardRecipes": [],
    "rewardFunction": "No function",
    "rewardXP": 70,
    "achievementType": "goal",
    "parent": {
      "value": "CUSTOM:BecomeSuper"
    },
    "triggerxml": "<xml xmlns=\"https://developers.google.com/blockly/xml\"><block type=\"advancement_trigger\" deletable=\"false\" x=\"40\" y=\"80\"><next><block type=\"custom_trigger\"></block></next></block></xml>"
  }
}