{
  "_fv": 66,
  "_type": "achievement",
  "definition": {
    "achievementName": "Supe",
    "achievementDescription": "Not related with the Brooklyn Bridge incident on 9/11",
    "achievementIcon": {
      "value": "CUSTOM:VoughtIcon"
    },
    "background": "Default",
    "disableDisplay": false,
    "showPopup": true,
    "announceToChat": true,
    "hideIfNotCompleted": true,
    "rewardLoot": [],
    "rewardRecipes": [],
    "rewardFunction": "No function",
    "rewardXP": 30,
    "achievementType": "goal",
    "parent": {
      "value": "CUSTOM:ThereWasAnIdea"
    },
    "triggerxml": "<?xml version=\"1.0\" encoding=\"UTF-8\" standalone=\"no\"?><xml xmlns=\"https://developers.google.com/blockly/xml\"><block deletable=\"false\" type=\"advancement_trigger\" x=\"40\" y=\"80\"><next><block type=\"custom_trigger\" x=\"48\" y=\"34\"/></next></block></xml>"
  }
}