{
  "_fv": 66,
  "_type": "achievement",
  "definition": {
    "achievementName": "Better Tech",
    "achievementDescription": "Less space, more computational power",
    "achievementIcon": {
      "value": "CUSTOM:AdvancedCircuitBoard"
    },
    "background": "Default",
    "disableDisplay": false,
    "showPopup": true,
    "announceToChat": true,
    "hideIfNotCompleted": false,
    "rewardLoot": [],
    "rewardRecipes": [
      "MicrochipTier3Recipe",
      "MicrochipHeaterRecipe",
      "AIChipRecipe"
    ],
    "rewardFunction": "No function",
    "rewardXP": 5,
    "achievementType": "task",
    "parent": {
      "value": "CUSTOM:AdvancedTech"
    },
    "triggerxml": "<?xml version=\"1.0\" encoding=\"UTF-8\" standalone=\"no\"?><xml xmlns=\"https://developers.google.com/blockly/xml\"><block deletable=\"false\" type=\"advancement_trigger\" x=\"40\" y=\"80\"><next><block type=\"custom_trigger\" x=\"38\" y=\"47\"/></next></block></xml>"
  }
}