{
  "_fv": 66,
  "_type": "achievement",
  "definition": {
    "achievementName": "Bashenga Legacy",
    "achievementDescription": "Drink the Heart-Shaped Herb and become the protector of Wakanda.",
    "achievementIcon": {
      "value": "CUSTOM:HeartShapedHerbSoup"
    },
    "background": "Default",
    "disableDisplay": false,
    "showPopup": true,
    "announceToChat": true,
    "hideIfNotCompleted": false,
    "rewardLoot": [],
    "rewardRecipes": [],
    "rewardFunction": "No function",
    "rewardXP": 5,
    "achievementType": "goal",
    "parent": {
      "value": "CUSTOM:VisitVibraniumLands"
    },
    "triggerxml": "<?xml version=\"1.0\" encoding=\"UTF-8\" standalone=\"no\"?><xml xmlns=\"https://developers.google.com/blockly/xml\"><block deletable=\"false\" type=\"advancement_trigger\" x=\"40\" y=\"80\"><next><block type=\"custom_trigger\" x=\"39\" y=\"31\"/></next></block></xml>"
  }
}