{
  "_fv": 66,
  "_type": "armor",
  "definition": {
    "enableHelmet": true,
    "textureHelmet": "blacknoirhelmet",
    "enableBody": true,
    "textureBody": "blacknoirchest",
    "enableLeggings": true,
    "textureLeggings": "blacknoirleggings",
    "enableBoots": true,
    "textureBoots": "blacknoirboots",
    "onBodyTick": {
      "name": "BlackNoirChestplateTickEvent"
    },
    "creativeTabs": [
      {
        "value": "CUSTOM:Art5019InjusticeSuits"
      }
    ],
    "armorTextureFile": "black_noir_",
    "helmetName": "Black Noir Helmet",
    "bodyName": "Black Noir Chestplate",
    "leggingsName": "Black Noir Leggings",
    "bootsName": "Black Noir Boots",
    "helmetSpecialInformation": {
      "fixedValue": [
        "Earving (Earth Prime)",
        "§6Killer, Thriller, Chiller, Thriller",
        "§n-Nearby the full suit user, most sounds are interrupted to nearby players."
      ]
    },
    "bodySpecialInformation": {
      "fixedValue": [
        "Earving (Earth Prime)",
        "§6Killer, Thriller, Chiller, Thriller",
        "§n-Nearby the full suit user, most sounds are interrupted to nearby players.",
        "-Bulletproof"
      ]
    },
    "leggingsSpecialInformation": {
      "fixedValue": [
        "Earving (Earth Prime)",
        "§6Killer, Thriller, Chiller, Thriller",
        "§n-Nearby the full suit user, most sounds are interrupted to nearby players."
      ]
    },
    "bootsSpecialInformation": {
      "fixedValue": [
        "Earving (Earth Prime)",
        "§6Killer, Thriller, Chiller, Thriller",
        "§n-Nearby the full suit user, most sounds are interrupted to nearby players."
      ]
    },
    "helmetModelName": "Default",
    "helmetModelPart": "Helmet",
    "helmetModelTexture": "From armor",
    "bodyModelName": "Default",
    "bodyModelPart": "Body",
    "armsModelPartL": "Arms L",
    "armsModelPartR": "Arms R",
    "bodyModelTexture": "From armor",
    "leggingsModelName": "Default",
    "leggingsModelPartL": "Leggings L",
    "leggingsModelPartR": "Leggings R",
    "leggingsModelTexture": "From armor",
    "bootsModelName": "Default",
    "bootsModelPartL": "Boots L",
    "bootsModelPartR": "Boots R",
    "bootsModelTexture": "From armor",
    "helmetItemRenderType": 0,
    "helmetItemCustomModelName": "Normal",
    "bodyItemRenderType": 0,
    "bodyItemCustomModelName": "Normal",
    "leggingsItemRenderType": 0,
    "leggingsItemCustomModelName": "Normal",
    "bootsItemRenderType": 0,
    "bootsItemCustomModelName": "Normal",
    "helmetImmuneToFire": false,
    "bodyImmuneToFire": false,
    "leggingsImmuneToFire": false,
    "bootsImmuneToFire": false,
    "helmetGlowCondition": {
      "fixedValue": false
    },
    "bodyGlowCondition": {
      "fixedValue": false
    },
    "leggingsGlowCondition": {
      "fixedValue": false
    },
    "bootsGlowCondition": {
      "fixedValue": false
    },
    "helmetPiglinNeutral": {
      "fixedValue": false
    },
    "bodyPiglinNeutral": {
      "fixedValue": false
    },
    "leggingsPiglinNeutral": {
      "fixedValue": false
    },
    "bootsPiglinNeutral": {
      "fixedValue": false
    },
    "maxDamage": 19,
    "damageValueHelmet": 4,
    "damageValueBody": 6,
    "damageValueLeggings": 4,
    "damageValueBoots": 3,
    "enchantability": 9,
    "toughness": 0.0,
    "knockbackResistance": 0.0,
    "equipSound": {
      "value": ""
    },
    "repairItems": [
      {
        "value": "CUSTOM:SewingKit"
      }
    ]
  }
}