{
  "_fv": 66,
  "_type": "recipe",
  "definition": {
    "recipeType": "Crafting",
    "recipeRetstackSize": 1,
    "group": "",
    "cookingBookCategory": "MISC",
    "xpReward": 0.0,
    "cookingTime": 200,
    "craftingBookCategory": "MISC",
    "recipeShapeless": false,
    "recipeSlots": [
      {
        "value": "CUSTOM:TitaniumIngot"
      },
      {
        "value": "CUSTOM:RadioDevice"
      },
      {
        "value": "CUSTOM:TitaniumIngot"
      },
      {
        "value": "CUSTOM:AdvancedLaserDevice"
      },
      {
        "value": "CUSTOM:AtlanteanGoldIngot"
      },
      {
        "value": "CUSTOM:AdvancedLaserDevice"
      },
      {
        "value": "CUSTOM:SteelIngot"
      },
      {
        "value": "CUSTOM:AtlanteanSuitScheme"
      },
      {
        "value": "CUSTOM:SteelIngot"
      }
    ],
    "recipeReturnStack": {
      "value": "CUSTOM:BlackMantaArmor.helmet"
    },
    "name": "black_manta_helmet_recipe",
    "namespace": "mod"
  }
}