{
  "_fv": 66,
  "_type": "armor",
  "definition": {
    "enableHelmet": true,
    "textureHelmet": "blackpanthermask",
    "enableBody": true,
    "textureBody": "blackpantherchest",
    "enableLeggings": true,
    "textureLeggings": "blackpantherleggings",
    "enableBoots": true,
    "textureBoots": "blackpanther_boots",
    "onHelmetTick": {
      "name": "BlackPantherSuitHelmetTickEvent"
    },
    "onBodyTick": {
      "name": "BlackPantherSuitHelmetTickEvent"
    },
    "onLeggingsTick": {
      "name": "BlackPantherSuitHelmetTickEvent"
    },
    "onBootsTick": {
      "name": "BlackPantherSuitHelmetTickEvent"
    },
    "creativeTabs": [
      {
        "value": "CUSTOM:Art5019InjusticeSuits"
      }
    ],
    "armorTextureFile": "black_panther_movies_",
    "helmetName": "Black Panther Helmet",
    "bodyName": "Black Panther Chestplate",
    "leggingsName": "Black Panther Leggings",
    "bootsName": "Black Panther Habit Boots",
    "helmetSpecialInformation": {
      "fixedValue": [
        "T'Challa (Earth Prime)",
        "-Bulletproof",
        "§a-Kinect Energy Storing:",
        "§n  -With the Full Suit, press Suit Ability 1 to release all the Kinectic Energy stored on your suit"
      ]
    },
    "bodySpecialInformation": {
      "fixedValue": [
        "T'Challa (Earth Prime)",
        "-Bulletproof",
        "-Claws: On critical with a free main-hand, there's a slight chance to apply or increase the bleeding effect on the enemy",
        "§a-Kinect Energy Storing:",
        "§n  -With the Full Suit, press Suit Ability 1 to release all the Kinectic Energy stored on your suit"
      ]
    },
    "leggingsSpecialInformation": {
      "fixedValue": [
        "T'Challa (Earth Prime)",
        "-Bulletproof",
        "§a-Kinect Energy Storing:",
        "§n  -With the Full Suit, press Suit Ability 1 to release all the Kinectic Energy stored on your suit"
      ]
    },
    "bootsSpecialInformation": {
      "fixedValue": [
        "T'Challa (Earth Prime)",
        "-Bulletproof",
        "§a-Kinect Energy Storing:",
        "§n  -With the Full Suit, press Suit Ability 1 to release all the Kinectic Energy stored on your suit"
      ]
    },
    "helmetModelName": "Default",
    "helmetModelPart": "Helmet",
    "helmetModelTexture": "From armor",
    "bodyModelName": "Default",
    "bodyModelPart": "Body",
    "armsModelPartL": "Arms L",
    "armsModelPartR": "Arms R",
    "bodyModelTexture": "From armor",
    "leggingsModelName": "Default",
    "leggingsModelPartL": "Leggings L",
    "leggingsModelPartR": "Leggings R",
    "leggingsModelTexture": "From armor",
    "bootsModelName": "Default",
    "bootsModelPartL": "Boots L",
    "bootsModelPartR": "Boots R",
    "bootsModelTexture": "From armor",
    "helmetItemRenderType": 0,
    "helmetItemCustomModelName": "Normal",
    "bodyItemRenderType": 0,
    "bodyItemCustomModelName": "Normal",
    "leggingsItemRenderType": 0,
    "leggingsItemCustomModelName": "Normal",
    "bootsItemRenderType": 0,
    "bootsItemCustomModelName": "Normal",
    "helmetImmuneToFire": false,
    "bodyImmuneToFire": false,
    "leggingsImmuneToFire": false,
    "bootsImmuneToFire": false,
    "helmetGlowCondition": {
      "fixedValue": false
    },
    "bodyGlowCondition": {
      "fixedValue": false
    },
    "leggingsGlowCondition": {
      "fixedValue": false
    },
    "bootsGlowCondition": {
      "fixedValue": false
    },
    "helmetPiglinNeutral": {
      "fixedValue": false
    },
    "bodyPiglinNeutral": {
      "fixedValue": false
    },
    "leggingsPiglinNeutral": {
      "fixedValue": false
    },
    "bootsPiglinNeutral": {
      "fixedValue": false
    },
    "maxDamage": 148,
    "damageValueHelmet": 18,
    "damageValueBody": 48,
    "damageValueLeggings": 36,
    "damageValueBoots": 18,
    "enchantability": 9,
    "toughness": 10.0,
    "knockbackResistance": 0.5,
    "equipSound": {
      "value": ""
    },
    "repairItems": [
      {
        "value": "CUSTOM:VibraniumIngot"
      }
    ]
  }
}