{
  "_fv": 66,
  "_type": "achievement",
  "definition": {
    "achievementName": "Vibranium Habit",
    "achievementDescription": "Craft the Black Panther Vibranium Habit",
    "achievementIcon": {
      "value": "CUSTOM:BlackPantherSuit.helmet"
    },
    "background": "Default",
    "disableDisplay": false,
    "showPopup": true,
    "announceToChat": true,
    "hideIfNotCompleted": false,
    "rewardLoot": [],
    "rewardRecipes": [],
    "rewardFunction": "No function",
    "rewardXP": 9,
    "achievementType": "challenge",
    "parent": {
      "value": "CUSTOM:BlackPantherBecome"
    },
    "triggerxml": "<?xml version=\"1.0\" encoding=\"UTF-8\" standalone=\"no\"?><xml xmlns=\"https://developers.google.com/blockly/xml\"><block deletable=\"false\" type=\"advancement_trigger\" x=\"40\" y=\"80\"><next><block type=\"custom_trigger\" x=\"45\" y=\"42\"/></next></block></xml>"
  }
}