{
  "_fv": 66,
  "_type": "item",
  "definition": {
    "renderType": 0,
    "texture": "dna_needle",
    "customModelName": "Normal",
    "customProperties": {},
    "states": [],
    "name": "Syringe",
    "rarity": "COMMON",
    "creativeTabs": [
      {
        "value": "CUSTOM:Art5019InjusticeItems"
      }
    ],
    "stackSize": 1,
    "enchantability": 0,
    "useDuration": 0,
    "toolType": 1.0,
    "damageCount": 0,
    "recipeRemainder": {
      "value": ""
    },
    "destroyAnyBlock": false,
    "immuneToFire": false,
    "stayInGridWhenCrafting": false,
    "damageOnCrafting": false,
    "enableMeleeDamage": false,
    "damageVsEntity": 0.0,
    "specialInformation": {
      "fixedValue": [
        "Fluid: Contamined Blood",
        "§oCan be examined on a Microscope with a Tier 2 Lense or Superior"
      ]
    },
    "glowCondition": {
      "fixedValue": false
    },
    "guiBoundTo": "<NONE>",
    "inventorySize": 9,
    "inventoryStackSize": 64,
    "onRightClickedInAir": {
      "name": "BloodSyringePoisonRightClickedWithItem"
    },
    "onEntityHitWith": {
      "name": "BloodSyringePoisonLivingEntityIsHitWithItem"
    },
    "enableRanged": false,
    "shootConstantly": false,
    "rangedItemChargesPower": false,
    "projectile": {
      "value": "CUSTOM:WebShooterTier1Projectile"
    },
    "isFood": false,
    "nutritionalValue": 4,
    "saturation": 0.3,
    "eatResultItem": {
      "value": ""
    },
    "isMeat": false,
    "isAlwaysEdible": false,
    "animation": "none"
  }
}