{
  "_fv": 66,
  "_type": "recipe",
  "definition": {
    "recipeType": "Crafting",
    "recipeRetstackSize": 1,
    "group": "fabric",
    "cookingBookCategory": "MISC",
    "xpReward": 0.0,
    "cookingTime": 200,
    "craftingBookCategory": "MISC",
    "recipeShapeless": false,
    "recipeSlots": [
      {
        "value": "Items.STRING"
      },
      {
        "value": "Items.LEATHER"
      },
      {
        "value": "Items.STRING"
      },
      {
        "value": "Blocks.WOOL#11"
      },
      {
        "value": "Items.STRING"
      },
      {
        "value": "Blocks.WOOL#11"
      },
      {
        "value": "Items.STRING"
      },
      {
        "value": "Items.LEATHER"
      },
      {
        "value": "Items.STRING"
      }
    ],
    "recipeReturnStack": {
      "value": "CUSTOM:FabricBlue"
    },
    "name": "blue_fabric_recipe",
    "namespace": "mod"
  }
}