{
  "_fv": 66,
  "_type": "achievement",
  "definition": {
    "achievementName": "Hero of Palmera City",
    "achievementDescription": "Save the day.",
    "achievementIcon": {
      "value": "CUSTOM:BlueBeetleVictoryIcon"
    },
    "background": "Default",
    "disableDisplay": false,
    "showPopup": true,
    "announceToChat": true,
    "hideIfNotCompleted": false,
    "rewardLoot": [
      "BlueBeetleJrVictoryTable"
    ],
    "rewardRecipes": [],
    "rewardFunction": "No function",
    "rewardXP": 22,
    "achievementType": "challenge",
    "parent": {
      "value": "CUSTOM:WarriorOfTheReach"
    },
    "triggerxml": "<?xml version=\"1.0\" encoding=\"UTF-8\" standalone=\"no\"?><xml xmlns=\"https://developers.google.com/blockly/xml\"><block deletable=\"false\" type=\"advancement_trigger\" x=\"40\" y=\"80\"><next><block type=\"custom_trigger\" x=\"39\" y=\"42\"/></next></block></xml>"
  }
}