{
  "_fv": 66,
  "_type": "gui",
  "definition": {
    "type": 1,
    "width": 176,
    "height": 166,
    "inventoryOffsetX": 0,
    "inventoryOffsetY": 0,
    "renderBgLayer": true,
    "doesPauseGame": false,
    "components": [
      {
        "type": "button",
        "data": {
          "name": "button_empty",
          "text": ">",
          "isUndecorated": false,
          "onClick": {
            "name": "BountyPaperRightclicked"
          },
          "width": 30,
          "height": 20,
          "x": 265,
          "y": 69
        }
      },
      {
        "type": "label",
        "data": {
          "name": "label_bounty_paper",
          "text": {
            "fixedValue": "Bounty Paper"
          },
          "color": {
            "value": -12829636,
            "falpha": 0.0
          },
          "x": 142,
          "y": 45
        }
      },
      {
        "type": "inputslot",
        "data": {
          "inputLimit": {
            "value": "Items.DIAMOND"
          },
          "disablePlacement": {
            "fixedValue": false
          },
          "id": 0,
          "disablePickup": {
            "fixedValue": false
          },
          "dropItemsWhenNotBound": true,
          "x": 168,
          "y": 92
        }
      },
      {
        "type": "inputslot",
        "data": {
          "inputLimit": {
            "value": "Items.GOLD_INGOT"
          },
          "disablePlacement": {
            "fixedValue": false
          },
          "id": 1,
          "disablePickup": {
            "fixedValue": false
          },
          "dropItemsWhenNotBound": true,
          "x": 186,
          "y": 92
        }
      },
      {
        "type": "inputslot",
        "data": {
          "inputLimit": {
            "value": "Items.NETHERITE_INGOT"
          },
          "disablePlacement": {
            "fixedValue": false
          },
          "id": 2,
          "disablePickup": {
            "fixedValue": false
          },
          "dropItemsWhenNotBound": true,
          "x": 150,
          "y": 92
        }
      },
      {
        "type": "textfield",
        "data": {
          "placeholder": "",
          "name": "KillTarget",
          "width": 120,
          "height": 20,
          "x": 132,
          "y": 69
        }
      }
    ],
    "gridSettings": {
      "sx": 18,
      "sy": 18,
      "ox": 11,
      "oy": 15,
      "snapOnGrid": false
    }
  }
}