{
  "_fv": 66,
  "_type": "recipe",
  "definition": {
    "recipeType": "Crafting",
    "recipeRetstackSize": 3,
    "group": "",
    "cookingBookCategory": "MISC",
    "xpReward": 0.0,
    "cookingTime": 200,
    "craftingBookCategory": "MISC",
    "recipeShapeless": false,
    "recipeSlots": [
      {
        "value": ""
      },
      {
        "value": "CUSTOM:Yeast"
      },
      {
        "value": ""
      },
      {
        "value": "Items.WHEAT"
      },
      {
        "value": "Items.WHEAT"
      },
      {
        "value": "Items.WHEAT"
      },
      {
        "value": ""
      },
      {
        "value": ""
      },
      {
        "value": ""
      }
    ],
    "recipeReturnStack": {
      "value": "Items.BREAD"
    },
    "name": "bread_yeast",
    "namespace": "mod"
  }
}