{
  "_fv": 66,
  "_type": "recipe",
  "definition": {
    "recipeType": "Crafting",
    "recipeRetstackSize": 1,
    "group": "",
    "cookingBookCategory": "MISC",
    "xpReward": 0.0,
    "cookingTime": 200,
    "craftingBookCategory": "MISC",
    "recipeShapeless": false,
    "recipeSlots": [
      {
        "value": "CUSTOM:Microchip"
      },
      {
        "value": "Items.DYE#1"
      },
      {
        "value": "CUSTOM:Microchip"
      },
      {
        "value": "CUSTOM:GoldTitaniumBlock"
      },
      {
        "value": "CUSTOM:BrokenStarkSuitCase"
      },
      {
        "value": "CUSTOM:GoldTitaniumBlock"
      },
      {
        "value": "CUSTOM:Microchip"
      },
      {
        "value": "Items.DYE#1"
      },
      {
        "value": "CUSTOM:Microchip"
      }
    ],
    "recipeReturnStack": {
      "value": "CUSTOM:StarkWallet"
    },
    "name": "broken_stark_suit_case_repair",
    "namespace": "mod"
  }
}