{
  "_fv": 66,
  "_type": "achievement",
  "definition": {
    "achievementName": "A hellish of a villain",
    "achievementDescription": "Become the King of Condiments",
    "achievementIcon": {
      "value": "CUSTOM:CondimentKingSuit.helmet"
    },
    "background": "Default",
    "disableDisplay": false,
    "showPopup": true,
    "announceToChat": true,
    "hideIfNotCompleted": true,
    "rewardLoot": [],
    "rewardRecipes": [],
    "rewardFunction": "No function",
    "rewardXP": 7,
    "achievementType": "goal",
    "parent": {
      "value": "CUSTOM:ThereWasAnIdea"
    },
    "triggerxml": "<?xml version=\"1.0\" encoding=\"UTF-8\" standalone=\"no\"?><xml xmlns=\"https://developers.google.com/blockly/xml\"><block deletable=\"false\" type=\"advancement_trigger\" x=\"40\" y=\"80\"><next><block type=\"custom_trigger\" x=\"37\" y=\"42\"/></next></block></xml>"
  }
}