{
  "_fv": 66,
  "_type": "item",
  "definition": {
    "renderType": 1,
    "texture": "vibraniumshield",
    "customModelName": "vibraniumshield1:default",
    "customProperties": {},
    "states": [],
    "name": "Captain America Shield",
    "rarity": "COMMON",
    "creativeTabs": [
      {
        "value": "CUSTOM:Art5019InjusticeWeapons"
      }
    ],
    "stackSize": 1,
    "enchantability": 0,
    "useDuration": 72000,
    "toolType": 0.0,
    "damageCount": 100,
    "recipeRemainder": {
      "value": ""
    },
    "destroyAnyBlock": false,
    "immuneToFire": false,
    "stayInGridWhenCrafting": false,
    "damageOnCrafting": false,
    "enableMeleeDamage": true,
    "damageVsEntity": 5.0,
    "specialInformation": {
      "fixedValue": []
    },
    "glowCondition": {
      "fixedValue": false
    },
    "guiBoundTo": "<NONE>",
    "inventorySize": 9,
    "inventoryStackSize": 64,
    "onEntitySwing": {
      "name": "CaptainAmericaShieldEntitySwingsItem"
    },
    "enableRanged": true,
    "shootConstantly": true,
    "rangedItemChargesPower": false,
    "projectile": {
      "value": "CUSTOM:CaptainAmericaShieldProjectile"
    },
    "rangedUseCondition": {
      "name": "CaptainAmericaShieldCanUseRangedItem"
    },
    "isFood": false,
    "nutritionalValue": 0,
    "saturation": 0.30000001192092896,
    "eatResultItem": {
      "value": ""
    },
    "isMeat": false,
    "isAlwaysEdible": false,
    "animation": "block"
  }
}