{
  "_fv": 66,
  "_type": "item",
  "definition": {
    "renderType": 1,
    "texture": "vibraniumshield",
    "customModelName": "vibraniumshield2spinning:default",
    "customProperties": {},
    "states": [],
    "name": "Captain America Shield",
    "rarity": "COMMON",
    "creativeTabs": [],
    "stackSize": 1,
    "enchantability": 0,
    "useDuration": 100,
    "toolType": 1.0,
    "damageCount": 0,
    "recipeRemainder": {
      "value": ""
    },
    "destroyAnyBlock": false,
    "immuneToFire": true,
    "stayInGridWhenCrafting": false,
    "damageOnCrafting": false,
    "enableMeleeDamage": false,
    "damageVsEntity": 0.0,
    "specialInformation": {
      "fixedValue": []
    },
    "guiBoundTo": "<NONE>",
    "inventorySize": 9,
    "inventoryStackSize": 64,
    "enableRanged": false,
    "shootConstantly": false,
    "rangedItemChargesPower": false,
    "isFood": false,
    "nutritionalValue": 4,
    "saturation": 0.3,
    "eatResultItem": {
      "value": ""
    },
    "isMeat": false,
    "isAlwaysEdible": false,
    "animation": "bow"
  }
}