{
  "_fv": 66,
  "_type": "armor",
  "definition": {
    "enableHelmet": false,
    "textureHelmet": "",
    "enableBody": true,
    "textureBody": "captainbritainchestplate",
    "enableLeggings": true,
    "textureLeggings": "captainbritainleggings",
    "enableBoots": true,
    "textureBoots": "captainbritainboots",
    "creativeTabs": [
      {
        "value": "CUSTOM:Art5019InjusticeSuits"
      }
    ],
    "armorTextureFile": "captain_uk_",
    "helmetName": "Captain Britan Helmet",
    "bodyName": "Captain Britain Chestplate",
    "leggingsName": "Captain Britain Leggings",
    "bootsName": "Captain Britain Boots",
    "helmetSpecialInformation": {
      "fixedValue": []
    },
    "bodySpecialInformation": {
      "fixedValue": [
        "Peggy Carter (Earth 11)",
        "§6War Veteran:",
        "§n  -With this full Suit Set, killing enemies of the nation provides you some extra experience points"
      ]
    },
    "leggingsSpecialInformation": {
      "fixedValue": [
        "Peggy Carter (Earth 11)",
        "-Magazine Support: Can stack up to 12 Magazine of Each Type",
        "§6War Veteran:",
        "§n  -With this full Suit Set, killing enemies of the nation provides you some extra experience points"
      ]
    },
    "bootsSpecialInformation": {
      "fixedValue": [
        "Peggy Carter (Earth 11)",
        "§6War Veteran:",
        "§n  -With this full Suit Set, killing enemies of the nation provides you some extra experience points"
      ]
    },
    "helmetModelName": "Default",
    "helmetModelPart": "Helmet",
    "helmetModelTexture": "From armor",
    "bodyModelName": "Default",
    "bodyModelPart": "Body",
    "armsModelPartL": "Arms L",
    "armsModelPartR": "Arms R",
    "bodyModelTexture": "From armor",
    "leggingsModelName": "Default",
    "leggingsModelPartL": "Leggings L",
    "leggingsModelPartR": "Leggings R",
    "leggingsModelTexture": "From armor",
    "bootsModelName": "Default",
    "bootsModelPartL": "Boots L",
    "bootsModelPartR": "Boots R",
    "bootsModelTexture": "From armor",
    "helmetItemRenderType": 0,
    "helmetItemCustomModelName": "Normal",
    "bodyItemRenderType": 0,
    "bodyItemCustomModelName": "Normal",
    "leggingsItemRenderType": 0,
    "leggingsItemCustomModelName": "Normal",
    "bootsItemRenderType": 0,
    "bootsItemCustomModelName": "Normal",
    "helmetImmuneToFire": false,
    "bodyImmuneToFire": false,
    "leggingsImmuneToFire": false,
    "bootsImmuneToFire": false,
    "helmetGlowCondition": {
      "fixedValue": false
    },
    "bodyGlowCondition": {
      "fixedValue": false
    },
    "leggingsGlowCondition": {
      "fixedValue": false
    },
    "bootsGlowCondition": {
      "fixedValue": false
    },
    "helmetPiglinNeutral": {
      "fixedValue": false
    },
    "bodyPiglinNeutral": {
      "fixedValue": false
    },
    "leggingsPiglinNeutral": {
      "fixedValue": false
    },
    "bootsPiglinNeutral": {
      "fixedValue": false
    },
    "maxDamage": 17,
    "damageValueHelmet": 1,
    "damageValueBody": 4,
    "damageValueLeggings": 3,
    "damageValueBoots": 2,
    "enchantability": 15,
    "toughness": 0.0,
    "knockbackResistance": 0.0,
    "equipSound": {
      "value": ""
    },
    "repairItems": [
      {
        "value": "CUSTOM:FabricBlue"
      },
      {
        "value": "CUSTOM:FabricRed"
      }
    ]
  }
}