{
  "_fv": 66,
  "_type": "projectile",
  "definition": {
    "projectileItem": {
      "value": "CUSTOM:CaptainCarterShieldSpinning"
    },
    "showParticles": false,
    "actionSound": {
      "value": "entity.arrow.shoot"
    },
    "igniteFire": false,
    "power": 1.3,
    "damage": 4.0,
    "knockback": 1,
    "entityModel": "Default",
    "customModelTexture": "",
    "onHitsBlock": {
      "name": "CaptainCarterShieldProjectileHitsBlock"
    },
    "onHitsEntity": {
      "name": "CaptainCarterShieldThrownProjectileHitsEntity"
    },
    "onFlyingTick": {
      "name": "CaptainCarterShieldThrownProjectileWhileProjectileFlyingTick"
    }
  }
}