{
  "_fv": 66,
  "_type": "recipe",
  "definition": {
    "recipeType": "Crafting",
    "recipeRetstackSize": 1,
    "group": "",
    "cookingBookCategory": "MISC",
    "xpReward": 0.0,
    "cookingTime": 200,
    "craftingBookCategory": "MISC",
    "recipeShapeless": false,
    "recipeSlots": [
      {
        "value": "Items.DYE#18"
      },
      {
        "value": "Items.DYE#19"
      },
      {
        "value": "Items.DYE#18"
      },
      {
        "value": "Items.DYE#1"
      },
      {
        "value": "CUSTOM:VibraniumIngot"
      },
      {
        "value": "Items.DYE#1"
      },
      {
        "value": "Items.DYE#18"
      },
      {
        "value": "Items.DYE#19"
      },
      {
        "value": "Items.DYE#18"
      }
    ],
    "recipeReturnStack": {
      "value": "CUSTOM:CaptainCarterVibraniumShield"
    },
    "name": "captain_britain_shield_recipe",
    "namespace": "mod"
  }
}