{
  "_fv": 66,
  "_type": "tool",
  "definition": {
    "toolType": "Shield",
    "renderType": 1,
    "blockingRenderType": 1,
    "texture": "captainbritainchestplate",
    "customModelName": "vibraniumshield2:default",
    "blockingModelName": "vibraniumshield2:default",
    "name": "Captain Carter Vibranium Shield",
    "specialInformation": {
      "fixedValue": []
    },
    "creativeTabs": [
      {
        "value": "CUSTOM:Art5019InjusticeWeapons"
      }
    ],
    "efficiency": 4.0,
    "attackSpeed": 1.0,
    "enchantability": 2,
    "damageVsEntity": 4.0,
    "usageCount": 0,
    "glowCondition": {
      "fixedValue": false
    },
    "repairItems": [],
    "immuneToFire": true,
    "blockDropsTier": "WOOD",
    "blocksAffected": [],
    "stayInGridWhenCrafting": false,
    "damageOnCrafting": false,
    "onEntityHitWith": {
      "name": "CaptainCarterVibraniumShieldLivingEntityIsHitWithTool"
    },
    "onEntitySwing": {
      "name": "CaptainCarterShieldEntitySwingsItem"
    }
  }
}