{
  "_fv": 66,
  "_type": "jeirecipe",
  "definition": {
    "category": "chemisting",
    "result": {
      "value": "CUSTOM:BottleSulfurDichloride"
    },
    "count": 1,
    "ingredients": [
      {
        "value": "Blocks.AIR"
      },
      {
        "value": "Blocks.AIR"
      },
      {
        "value": "CUSTOM:ChlorineBottle"
      },
      {
        "value": "Blocks.AIR"
      },
      {
        "value": "CUSTOM:Sulphur"
      },
      {
        "value": "Blocks.AIR"
      },
      {
        "value": "Blocks.AIR"
      },
      {
        "value": "Blocks.AIR"
      },
      {
        "value": "Blocks.AIR"
      },
      {
        "value": "Blocks.AIR"
      }
    ]
  }
}