{
  "_fv": 66,
  "_type": "jeirecipetype",
  "definition": {
    "textureSelector": "chemistry_table_jei_gui.png",
    "width": 195,
    "height": 107,
    "icon": {
      "value": "CUSTOM:ChemistryTable"
    },
    "craftingtable": {
      "value": "CUSTOM:ChemistryTable"
    },
    "enableCraftingtable": true,
    "title": "Chemisting",
    "slotList": [
      {
        "type": "INPUT",
        "x": 90,
        "y": 28,
        "slotid": 0
      },
      {
        "type": "INPUT",
        "x": 90,
        "y": 46,
        "slotid": 1
      },
      {
        "type": "INPUT",
        "x": 90,
        "y": 64,
        "slotid": 2
      },
      {
        "type": "INPUT",
        "x": 108,
        "y": 28,
        "slotid": 3
      },
      {
        "type": "INPUT",
        "x": 108,
        "y": 46,
        "slotid": 4
      },
      {
        "type": "INPUT",
        "x": 108,
        "y": 64,
        "slotid": 5
      },
      {
        "type": "INPUT",
        "x": 126,
        "y": 28,
        "slotid": 6
      },
      {
        "type": "INPUT",
        "x": 126,
        "y": 46,
        "slotid": 7
      },
      {
        "type": "INPUT",
        "x": 126,
        "y": 64,
        "slotid": 8
      },
      {
        "type": "OUTPUT",
        "x": 162,
        "y": 46,
        "slotid": 0
      },
      {
        "type": "INPUT",
        "x": 45,
        "y": 52,
        "slotid": 9
      }
    ]
  }
}