{
  "_fv": 66,
  "_type": "jeirecipe",
  "definition": {
    "category": "chemisting",
    "result": {
      "value": "CUSTOM:KevlarDefault"
    },
    "count": 1,
    "ingredients": [
      {
        "value": "Blocks.AIR"
      },
      {
        "value": "Blocks.AIR"
      },
      {
        "value": "CUSTOM:TerephthaloylChloride"
      },
      {
        "value": "Blocks.AIR"
      },
      {
        "value": "CUSTOM:PPhenylenediamine"
      },
      {
        "value": "Blocks.AIR"
      },
      {
        "value": "Blocks.AIR"
      },
      {
        "value": "Blocks.AIR"
      },
      {
        "value": "Blocks.AIR"
      },
      {
        "value": "CUSTOM:FormulaKevlar"
      }
    ]
  }
}