{
  "_fv": 66,
  "_type": "recipe",
  "definition": {
    "recipeType": "Crafting",
    "recipeRetstackSize": 1,
    "group": "",
    "cookingBookCategory": "MISC",
    "xpReward": 0.0,
    "cookingTime": 200,
    "craftingBookCategory": "BUILDING",
    "recipeShapeless": false,
    "recipeSlots": [
      {
        "value": "Items.GLASS_BOTTLE"
      },
      {
        "value": "CUSTOM:SteelIngot"
      },
      {
        "value": "Items.GLASS_BOTTLE"
      },
      {
        "value": "CUSTOM:SteelIngot"
      },
      {
        "value": "Blocks.CRAFTING_TABLE"
      },
      {
        "value": "CUSTOM:SteelIngot"
      },
      {
        "value": "Items.GLASS_BOTTLE"
      },
      {
        "value": "CUSTOM:SteelIngot"
      },
      {
        "value": "Items.GLASS_BOTTLE"
      }
    ],
    "recipeReturnStack": {
      "value": "CUSTOM:ChemistryTable"
    },
    "name": "chemistry_table_recipe",
    "namespace": "mod"
  }
}