{
  "_fv": 66,
  "_type": "recipe",
  "definition": {
    "recipeType": "Crafting",
    "recipeRetstackSize": 1,
    "group": "",
    "cookingBookCategory": "MISC",
    "xpReward": 0.0,
    "cookingTime": 200,
    "craftingBookCategory": "MISC",
    "recipeShapeless": false,
    "recipeSlots": [
      {
        "value": "Items.SUGAR"
      },
      {
        "value": "Items.DYE#3"
      },
      {
        "value": "Items.SUGAR"
      },
      {
        "value": "Items.SUGAR"
      },
      {
        "value": "CUSTOM:Butter"
      },
      {
        "value": "Items.SUGAR"
      },
      {
        "value": "Items.SUGAR"
      },
      {
        "value": "Items.DYE#3"
      },
      {
        "value": "Items.SUGAR"
      }
    ],
    "recipeReturnStack": {
      "value": "CUSTOM:ChocolateBar"
    },
    "name": "chocolate_bar_recipe",
    "namespace": "mod"
  }
}