{
  "_fv": 66,
  "_type": "item",
  "definition": {
    "renderType": 0,
    "texture": "chocolate_bar",
    "customModelName": "Normal",
    "customProperties": {},
    "states": [],
    "name": "Chocolate Bar",
    "rarity": "COMMON",
    "creativeTabs": [
      {
        "value": "CUSTOM:Art5019InjusticeItems"
      }
    ],
    "stackSize": 8,
    "enchantability": 0,
    "useDuration": 32,
    "toolType": 1.0,
    "damageCount": 0,
    "recipeRemainder": {
      "value": ""
    },
    "destroyAnyBlock": false,
    "immuneToFire": false,
    "stayInGridWhenCrafting": false,
    "damageOnCrafting": false,
    "enableMeleeDamage": false,
    "damageVsEntity": 0.0,
    "specialInformation": {
      "fixedValue": [
        "-Contains Phenylethylamine"
      ]
    },
    "glowCondition": {
      "fixedValue": false
    },
    "guiBoundTo": "<NONE>",
    "inventorySize": 9,
    "inventoryStackSize": 64,
    "enableRanged": false,
    "shootConstantly": false,
    "rangedItemChargesPower": false,
    "projectile": {
      "value": "CUSTOM:WebShooterTier1Projectile"
    },
    "isFood": true,
    "nutritionalValue": 11,
    "saturation": 18.0,
    "eatResultItem": {
      "value": ""
    },
    "isMeat": false,
    "isAlwaysEdible": true,
    "animation": "eat"
  }
}